<?xml version="1.0" encoding="UTF-8"?>
<con:soapui-project id="5006c572-557d-407f-b58d-11b7727a08db" activeEnvironment="Default" name="MusicStoreSOAPTests" resourceRoot="" soapui-version="5.2.1" xmlns:con="http://eviware.com/soapui/config"><con:settings/><con:interface xsi:type="con:WsdlInterface" id="2ea7a2d2-1e49-42f6-8179-18b96f1728d8" wsaVersion="NONE" name="CDCatalogServiceImplPortBinding" type="wsdl" bindingName="{http://ws.musicstore.com/}CDCatalogServiceImplPortBinding" soapVersion="1_1" anonymous="optional" definition="http://localhost:8080/MusicStore/CDWebService?wsdl" xmlns:xsi="http://www.w3.org/2001/XMLSchema-instance"><con:settings/><con:definitionCache type="TEXT" rootPart="http://localhost:8080/MusicStore/CDWebService?wsdl"><con:part><con:url>http://localhost:8080/MusicStore/CDWebService?wsdl</con:url><con:content><![CDATA[<!--Published by JAX-WS RI (http://jax-ws.java.net). RI's version is JAX-WS RI 2.2.10 svn-revision#919b322c92f13ad085a933e8dd6dd35d4947364b.-->
<!--Generated by JAX-WS RI (http://jax-ws.java.net). RI's version is JAX-WS RI 2.2.10 svn-revision#919b322c92f13ad085a933e8dd6dd35d4947364b.-->
<definitions targetNamespace="http://ws.musicstore.com/" name="CDCatalogServiceImplService" xmlns:wsu="http://docs.oasis-open.org/wss/2004/01/oasis-200401-wss-wssecurity-utility-1.0.xsd" xmlns:wsp="http://www.w3.org/ns/ws-policy" xmlns:wsp1_2="http://schemas.xmlsoap.org/ws/2004/09/policy" xmlns:wsam="http://www.w3.org/2007/05/addressing/metadata" xmlns:soap="http://schemas.xmlsoap.org/wsdl/soap/" xmlns:tns="http://ws.musicstore.com/" xmlns:xsd="http://www.w3.org/2001/XMLSchema" xmlns="http://schemas.xmlsoap.org/wsdl/">
  <types>
    <xsd:schema>
      <xsd:import namespace="http://ws.musicstore.com/" schemaLocation="http://localhost:8080/MusicStore/CDWebService?xsd=1"/>
    </xsd:schema>
  </types>
  <message name="getProductList">
    <part name="category" type="xsd:string"/>
  </message>
  <message name="getProductListResponse">
    <part name="return" type="tns:products"/>
  </message>
  <message name="getProductInfo">
    <part name="cdid" type="xsd:string"/>
  </message>
  <message name="getProductInfoResponse">
    <part name="return" type="tns:cd"/>
  </message>
  <message name="getCategoryList"/>
  <message name="getCategoryListResponse">
    <part name="return" type="tns:categories"/>
  </message>
  <portType name="CDCatalogService">
    <operation name="getProductList">
      <input wsam:Action="http://ws.musicstore.com/CDCatalogService/getProductListRequest" message="tns:getProductList"/>
      <output wsam:Action="http://ws.musicstore.com/CDCatalogService/getProductListResponse" message="tns:getProductListResponse"/>
    </operation>
    <operation name="getProductInfo">
      <input wsam:Action="http://ws.musicstore.com/CDCatalogService/getProductInfoRequest" message="tns:getProductInfo"/>
      <output wsam:Action="http://ws.musicstore.com/CDCatalogService/getProductInfoResponse" message="tns:getProductInfoResponse"/>
    </operation>
    <operation name="getCategoryList">
      <input wsam:Action="http://ws.musicstore.com/CDCatalogService/getCategoryListRequest" message="tns:getCategoryList"/>
      <output wsam:Action="http://ws.musicstore.com/CDCatalogService/getCategoryListResponse" message="tns:getCategoryListResponse"/>
    </operation>
  </portType>
  <binding name="CDCatalogServiceImplPortBinding" type="tns:CDCatalogService">
    <soap:binding transport="http://schemas.xmlsoap.org/soap/http" style="rpc"/>
    <operation name="getProductList">
      <soap:operation soapAction=""/>
      <input>
        <soap:body use="literal" namespace="http://ws.musicstore.com/"/>
      </input>
      <output>
        <soap:body use="literal" namespace="http://ws.musicstore.com/"/>
      </output>
    </operation>
    <operation name="getProductInfo">
      <soap:operation soapAction=""/>
      <input>
        <soap:body use="literal" namespace="http://ws.musicstore.com/"/>
      </input>
      <output>
        <soap:body use="literal" namespace="http://ws.musicstore.com/"/>
      </output>
    </operation>
    <operation name="getCategoryList">
      <soap:operation soapAction=""/>
      <input>
        <soap:body use="literal" namespace="http://ws.musicstore.com/"/>
      </input>
      <output>
        <soap:body use="literal" namespace="http://ws.musicstore.com/"/>
      </output>
    </operation>
  </binding>
  <service name="CDCatalogServiceImplService">
    <port name="CDCatalogServiceImplPort" binding="tns:CDCatalogServiceImplPortBinding">
      <soap:address location="http://localhost:8080/MusicStore/CDWebService"/>
    </port>
  </service>
</definitions>]]></con:content><con:type>http://schemas.xmlsoap.org/wsdl/</con:type></con:part><con:part><con:url>http://localhost:8080/MusicStore/CDWebService?xsd=1</con:url><con:content><![CDATA[<!--Published by JAX-WS RI (http://jax-ws.java.net). RI's version is JAX-WS RI 2.2.10 svn-revision#919b322c92f13ad085a933e8dd6dd35d4947364b.-->
<xs:schema version="1.0" targetNamespace="http://ws.musicstore.com/" xmlns:tns="http://ws.musicstore.com/" xmlns:xs="http://www.w3.org/2001/XMLSchema">
  <xs:complexType name="categories">
    <xs:sequence>
      <xs:element name="categories" type="xs:string" nillable="true" minOccurs="0" maxOccurs="unbounded"/>
    </xs:sequence>
  </xs:complexType>
  <xs:complexType name="products">
    <xs:sequence>
      <xs:element name="products" type="tns:cd" nillable="true" minOccurs="0" maxOccurs="unbounded"/>
    </xs:sequence>
  </xs:complexType>
  <xs:complexType name="cd">
    <xs:sequence>
      <xs:element name="availability" type="xs:int"/>
      <xs:element name="category" type="xs:string" minOccurs="0"/>
      <xs:element name="cdid" type="xs:string" minOccurs="0"/>
      <xs:element name="poitems" type="tns:poitem" nillable="true" minOccurs="0" maxOccurs="unbounded"/>
      <xs:element name="price" type="xs:int"/>
      <xs:element name="title" type="xs:string" minOccurs="0"/>
      <xs:element name="visitevents" type="tns:visitevent" nillable="true" minOccurs="0" maxOccurs="unbounded"/>
    </xs:sequence>
  </xs:complexType>
  <xs:complexType name="poitem">
    <xs:sequence>
      <xs:element name="cd" type="tns:cd" minOccurs="0"/>
      <xs:element name="id" type="tns:poitemPK" minOccurs="0"/>
      <xs:element name="po" type="tns:po" minOccurs="0"/>
      <xs:element name="price" type="xs:int"/>
    </xs:sequence>
  </xs:complexType>
  <xs:complexType name="poitemPK">
    <xs:sequence>
      <xs:element name="cdid" type="xs:string" minOccurs="0"/>
      <xs:element name="id" type="xs:int"/>
    </xs:sequence>
  </xs:complexType>
  <xs:complexType name="po">
    <xs:sequence>
      <xs:element name="addressBean" type="tns:address" minOccurs="0"/>
      <xs:element name="fname" type="xs:string" minOccurs="0"/>
      <xs:element name="id" type="xs:int"/>
      <xs:element name="lname" type="xs:string" minOccurs="0"/>
      <xs:element name="poitems" type="tns:poitem" nillable="true" minOccurs="0" maxOccurs="unbounded"/>
      <xs:element name="status" type="xs:string" minOccurs="0"/>
    </xs:sequence>
  </xs:complexType>
  <xs:complexType name="address">
    <xs:sequence>
      <xs:element name="accounts" type="tns:account" nillable="true" minOccurs="0" maxOccurs="unbounded"/>
      <xs:element name="city" type="xs:string" minOccurs="0"/>
      <xs:element name="country" type="xs:string" minOccurs="0"/>
      <xs:element name="id" type="xs:int"/>
      <xs:element name="phone" type="xs:string" minOccurs="0"/>
      <xs:element name="pos" type="tns:po" nillable="true" minOccurs="0" maxOccurs="unbounded"/>
      <xs:element name="province" type="xs:string" minOccurs="0"/>
      <xs:element name="street" type="xs:string" minOccurs="0"/>
      <xs:element name="zip" type="xs:string" minOccurs="0"/>
    </xs:sequence>
  </xs:complexType>
  <xs:complexType name="account">
    <xs:sequence>
      <xs:element name="address" type="tns:address" minOccurs="0"/>
      <xs:element name="email" type="xs:string" minOccurs="0"/>
      <xs:element name="firstname" type="xs:string" minOccurs="0"/>
      <xs:element name="lastname" type="xs:string" minOccurs="0"/>
      <xs:element name="pswrd" type="xs:string" minOccurs="0"/>
      <xs:element name="username" type="xs:string" minOccurs="0"/>
    </xs:sequence>
  </xs:complexType>
  <xs:complexType name="visitevent">
    <xs:sequence>
      <xs:element name="cd" type="tns:cd" minOccurs="0"/>
      <xs:element name="day" type="xs:string" minOccurs="0"/>
      <xs:element name="eventtype" type="xs:string" minOccurs="0"/>
    </xs:sequence>
  </xs:complexType>
</xs:schema>]]></con:content><con:type>http://www.w3.org/2001/XMLSchema</con:type></con:part></con:definitionCache><con:endpoints><con:endpoint>http://localhost:8080/MusicStore/CDWebService</con:endpoint></con:endpoints><con:operation id="f896b4bf-78e2-437d-95e7-ec1b7a69fb70" isOneWay="false" action="" name="getCategoryList" bindingOperationName="getCategoryList" type="Request-Response" inputName="" receivesAttachments="false" sendsAttachments="false" anonymous="optional"><con:settings/><con:call id="be139b39-03ca-45ee-a652-098260119ffb" name="Request 1"><con:settings/><con:encoding>UTF-8</con:encoding><con:endpoint>http://localhost:8080/MusicStore/CDWebService</con:endpoint><con:request><![CDATA[<soapenv:Envelope xmlns:soapenv="http://schemas.xmlsoap.org/soap/envelope/" xmlns:ws="http://ws.musicstore.com/">\r
   <soapenv:Header/>\r
   <soapenv:Body>\r
      <ws:getCategoryList/>\r
   </soapenv:Body>\r
</soapenv:Envelope>]]></con:request><con:wsaConfig mustUnderstand="NONE" version="200508" action="http://ws.musicstore.com/CDCatalogService/getCategoryListRequest"/></con:call></con:operation><con:operation id="f52a25d6-d665-41eb-9df9-fa3e3afbcd48" isOneWay="false" action="" name="getProductInfo" bindingOperationName="getProductInfo" type="Request-Response" inputName="" receivesAttachments="false" sendsAttachments="false" anonymous="optional"><con:settings/><con:call id="c972ca38-b933-4f36-95fb-6358e660a846" name="Request 1"><con:settings/><con:encoding>UTF-8</con:encoding><con:endpoint>http://localhost:8080/MusicStore/CDWebService</con:endpoint><con:request><![CDATA[<soapenv:Envelope xmlns:soapenv="http://schemas.xmlsoap.org/soap/envelope/" xmlns:ws="http://ws.musicstore.com/">\r
   <soapenv:Header/>\r
   <soapenv:Body>\r
      <ws:getProductInfo>\r
         <cdid>?</cdid>\r
      </ws:getProductInfo>\r
   </soapenv:Body>\r
</soapenv:Envelope>]]></con:request><con:wsaConfig mustUnderstand="NONE" version="200508" action="http://ws.musicstore.com/CDCatalogService/getProductInfoRequest"/></con:call></con:operation><con:operation id="28357adf-9b9a-4bbf-9407-66c84783880e" isOneWay="false" action="" name="getProductList" bindingOperationName="getProductList" type="Request-Response" inputName="" receivesAttachments="false" sendsAttachments="false" anonymous="optional"><con:settings/><con:call id="fbea1de2-c9f6-47d6-a843-f5cbbe2271eb" name="Request 1"><con:settings/><con:encoding>UTF-8</con:encoding><con:endpoint>http://localhost:8080/MusicStore/CDWebService</con:endpoint><con:request><![CDATA[<soapenv:Envelope xmlns:soapenv="http://schemas.xmlsoap.org/soap/envelope/" xmlns:ws="http://ws.musicstore.com/">\r
   <soapenv:Header/>\r
   <soapenv:Body>\r
      <ws:getProductList>\r
         <category>?</category>\r
      </ws:getProductList>\r
   </soapenv:Body>\r
</soapenv:Envelope>]]></con:request><con:wsaConfig mustUnderstand="NONE" version="200508" action="http://ws.musicstore.com/CDCatalogService/getProductListRequest"/></con:call></con:operation></con:interface><con:interface xsi:type="con:WsdlInterface" id="8c7e69e1-47d1-48f8-8a75-67d1dbe9fc88" wsaVersion="NONE" name="OrderServiceImplPortBinding" type="wsdl" bindingName="{http://ws.musicstore.com/}OrderServiceImplPortBinding" soapVersion="1_1" anonymous="optional" definition="http://localhost:8080/MusicStore/OrdersWebService?wsdl" xmlns:xsi="http://www.w3.org/2001/XMLSchema-instance"><con:settings/><con:definitionCache type="TEXT" rootPart="http://localhost:8080/MusicStore/OrdersWebService?wsdl"><con:part><con:url>http://localhost:8080/MusicStore/OrdersWebService?wsdl</con:url><con:content><![CDATA[<!--Published by JAX-WS RI (http://jax-ws.java.net). RI's version is JAX-WS RI 2.2.10 svn-revision#919b322c92f13ad085a933e8dd6dd35d4947364b.-->
<!--Generated by JAX-WS RI (http://jax-ws.java.net). RI's version is JAX-WS RI 2.2.10 svn-revision#919b322c92f13ad085a933e8dd6dd35d4947364b.-->
<definitions targetNamespace="http://ws.musicstore.com/" name="OrderServiceImplService" xmlns:wsu="http://docs.oasis-open.org/wss/2004/01/oasis-200401-wss-wssecurity-utility-1.0.xsd" xmlns:wsp="http://www.w3.org/ns/ws-policy" xmlns:wsp1_2="http://schemas.xmlsoap.org/ws/2004/09/policy" xmlns:wsam="http://www.w3.org/2007/05/addressing/metadata" xmlns:soap="http://schemas.xmlsoap.org/wsdl/soap/" xmlns:tns="http://ws.musicstore.com/" xmlns:xsd="http://www.w3.org/2001/XMLSchema" xmlns="http://schemas.xmlsoap.org/wsdl/">
  <types>
    <xsd:schema>
      <xsd:import namespace="http://ws.musicstore.com/" schemaLocation="http://localhost:8080/MusicStore/OrdersWebService?xsd=1"/>
    </xsd:schema>
  </types>
  <message name="createAccount">
    <part name="account" type="tns:account"/>
  </message>
  <message name="createAccountResponse">
    <part name="return" type="tns:account"/>
  </message>
  <message name="saveOrder">
    <part name="cart" type="tns:po"/>
  </message>
  <message name="saveOrderResponse">
    <part name="return" type="tns:po"/>
  </message>
  <message name="getCartItem">
    <part name="item" type="xsd:string"/>
  </message>
  <message name="getCartItemResponse">
    <part name="return" type="tns:cd"/>
  </message>
  <message name="getAccount">
    <part name="username" type="xsd:string"/>
    <part name="password" type="xsd:string"/>
  </message>
  <message name="getAccountResponse">
    <part name="return" type="tns:account"/>
  </message>
  <message name="getCartItems">
    <part name="items" type="xsd:string"/>
  </message>
  <message name="getCartItemsResponse">
    <part name="return" type="tns:products"/>
  </message>
  <message name="orderConfirmation">
    <part name="order" type="tns:po"/>
    <part name="ccinfo" type="tns:creditCardDetails"/>
  </message>
  <message name="orderConfirmationResponse">
    <part name="return" type="tns:po"/>
  </message>
  <message name="getAccountByUserName">
    <part name="username" type="xsd:string"/>
  </message>
  <message name="getAccountByUserNameResponse">
    <part name="return" type="tns:account"/>
  </message>
  <portType name="OrderService">
    <operation name="createAccount">
      <input wsam:Action="http://ws.musicstore.com/OrderService/createAccountRequest" message="tns:createAccount"/>
      <output wsam:Action="http://ws.musicstore.com/OrderService/createAccountResponse" message="tns:createAccountResponse"/>
    </operation>
    <operation name="saveOrder">
      <input wsam:Action="http://ws.musicstore.com/OrderService/saveOrderRequest" message="tns:saveOrder"/>
      <output wsam:Action="http://ws.musicstore.com/OrderService/saveOrderResponse" message="tns:saveOrderResponse"/>
    </operation>
    <operation name="getCartItem">
      <input wsam:Action="http://ws.musicstore.com/OrderService/getCartItemRequest" message="tns:getCartItem"/>
      <output wsam:Action="http://ws.musicstore.com/OrderService/getCartItemResponse" message="tns:getCartItemResponse"/>
    </operation>
    <operation name="getAccount" parameterOrder="username password">
      <input wsam:Action="http://ws.musicstore.com/OrderService/getAccountRequest" message="tns:getAccount"/>
      <output wsam:Action="http://ws.musicstore.com/OrderService/getAccountResponse" message="tns:getAccountResponse"/>
    </operation>
    <operation name="getCartItems">
      <input wsam:Action="http://ws.musicstore.com/OrderService/getCartItemsRequest" message="tns:getCartItems"/>
      <output wsam:Action="http://ws.musicstore.com/OrderService/getCartItemsResponse" message="tns:getCartItemsResponse"/>
    </operation>
    <operation name="orderConfirmation" parameterOrder="order ccinfo">
      <input wsam:Action="http://ws.musicstore.com/OrderService/orderConfirmationRequest" message="tns:orderConfirmation"/>
      <output wsam:Action="http://ws.musicstore.com/OrderService/orderConfirmationResponse" message="tns:orderConfirmationResponse"/>
    </operation>
    <operation name="getAccountByUserName">
      <input wsam:Action="http://ws.musicstore.com/OrderService/getAccountByUserNameRequest" message="tns:getAccountByUserName"/>
      <output wsam:Action="http://ws.musicstore.com/OrderService/getAccountByUserNameResponse" message="tns:getAccountByUserNameResponse"/>
    </operation>
  </portType>
  <binding name="OrderServiceImplPortBinding" type="tns:OrderService">
    <soap:binding transport="http://schemas.xmlsoap.org/soap/http" style="rpc"/>
    <operation name="createAccount">
      <soap:operation soapAction=""/>
      <input>
        <soap:body use="literal" namespace="http://ws.musicstore.com/"/>
      </input>
      <output>
        <soap:body use="literal" namespace="http://ws.musicstore.com/"/>
      </output>
    </operation>
    <operation name="saveOrder">
      <soap:operation soapAction=""/>
      <input>
        <soap:body use="literal" namespace="http://ws.musicstore.com/"/>
      </input>
      <output>
        <soap:body use="literal" namespace="http://ws.musicstore.com/"/>
      </output>
    </operation>
    <operation name="getCartItem">
      <soap:operation soapAction=""/>
      <input>
        <soap:body use="literal" namespace="http://ws.musicstore.com/"/>
      </input>
      <output>
        <soap:body use="literal" namespace="http://ws.musicstore.com/"/>
      </output>
    </operation>
    <operation name="getAccount">
      <soap:operation soapAction=""/>
      <input>
        <soap:body use="literal" namespace="http://ws.musicstore.com/"/>
      </input>
      <output>
        <soap:body use="literal" namespace="http://ws.musicstore.com/"/>
      </output>
    </operation>
    <operation name="getCartItems">
      <soap:operation soapAction=""/>
      <input>
        <soap:body use="literal" namespace="http://ws.musicstore.com/"/>
      </input>
      <output>
        <soap:body use="literal" namespace="http://ws.musicstore.com/"/>
      </output>
    </operation>
    <operation name="orderConfirmation">
      <soap:operation soapAction=""/>
      <input>
        <soap:body use="literal" namespace="http://ws.musicstore.com/"/>
      </input>
      <output>
        <soap:body use="literal" namespace="http://ws.musicstore.com/"/>
      </output>
    </operation>
    <operation name="getAccountByUserName">
      <soap:operation soapAction=""/>
      <input>
        <soap:body use="literal" namespace="http://ws.musicstore.com/"/>
      </input>
      <output>
        <soap:body use="literal" namespace="http://ws.musicstore.com/"/>
      </output>
    </operation>
  </binding>
  <service name="OrderServiceImplService">
    <port name="OrderServiceImplPort" binding="tns:OrderServiceImplPortBinding">
      <soap:address location="http://localhost:8080/MusicStore/OrdersWebService"/>
    </port>
  </service>
</definitions>]]></con:content><con:type>http://schemas.xmlsoap.org/wsdl/</con:type></con:part><con:part><con:url>http://localhost:8080/MusicStore/OrdersWebService?xsd=1</con:url><con:content><![CDATA[<!--Published by JAX-WS RI (http://jax-ws.java.net). RI's version is JAX-WS RI 2.2.10 svn-revision#919b322c92f13ad085a933e8dd6dd35d4947364b.-->
<xs:schema version="1.0" targetNamespace="http://ws.musicstore.com/" xmlns:tns="http://ws.musicstore.com/" xmlns:xs="http://www.w3.org/2001/XMLSchema">
  <xs:complexType name="account">
    <xs:sequence>
      <xs:element name="address" type="tns:address" minOccurs="0"/>
      <xs:element name="email" type="xs:string" minOccurs="0"/>
      <xs:element name="firstname" type="xs:string" minOccurs="0"/>
      <xs:element name="lastname" type="xs:string" minOccurs="0"/>
      <xs:element name="pswrd" type="xs:string" minOccurs="0"/>
      <xs:element name="username" type="xs:string" minOccurs="0"/>
    </xs:sequence>
  </xs:complexType>
  <xs:complexType name="address">
    <xs:sequence>
      <xs:element name="accounts" type="tns:account" nillable="true" minOccurs="0" maxOccurs="unbounded"/>
      <xs:element name="city" type="xs:string" minOccurs="0"/>
      <xs:element name="country" type="xs:string" minOccurs="0"/>
      <xs:element name="id" type="xs:int"/>
      <xs:element name="phone" type="xs:string" minOccurs="0"/>
      <xs:element name="pos" type="tns:po" nillable="true" minOccurs="0" maxOccurs="unbounded"/>
      <xs:element name="province" type="xs:string" minOccurs="0"/>
      <xs:element name="street" type="xs:string" minOccurs="0"/>
      <xs:element name="zip" type="xs:string" minOccurs="0"/>
    </xs:sequence>
  </xs:complexType>
  <xs:complexType name="po">
    <xs:sequence>
      <xs:element name="addressBean" type="tns:address" minOccurs="0"/>
      <xs:element name="fname" type="xs:string" minOccurs="0"/>
      <xs:element name="id" type="xs:int"/>
      <xs:element name="lname" type="xs:string" minOccurs="0"/>
      <xs:element name="poitems" type="tns:poitem" nillable="true" minOccurs="0" maxOccurs="unbounded"/>
      <xs:element name="status" type="xs:string" minOccurs="0"/>
    </xs:sequence>
  </xs:complexType>
  <xs:complexType name="poitem">
    <xs:sequence>
      <xs:element name="cd" type="tns:cd" minOccurs="0"/>
      <xs:element name="id" type="tns:poitemPK" minOccurs="0"/>
      <xs:element name="po" type="tns:po" minOccurs="0"/>
      <xs:element name="price" type="xs:int"/>
    </xs:sequence>
  </xs:complexType>
  <xs:complexType name="cd">
    <xs:sequence>
      <xs:element name="availability" type="xs:int"/>
      <xs:element name="category" type="xs:string" minOccurs="0"/>
      <xs:element name="cdid" type="xs:string" minOccurs="0"/>
      <xs:element name="poitems" type="tns:poitem" nillable="true" minOccurs="0" maxOccurs="unbounded"/>
      <xs:element name="price" type="xs:int"/>
      <xs:element name="title" type="xs:string" minOccurs="0"/>
      <xs:element name="visitevents" type="tns:visitevent" nillable="true" minOccurs="0" maxOccurs="unbounded"/>
    </xs:sequence>
  </xs:complexType>
  <xs:complexType name="visitevent">
    <xs:sequence>
      <xs:element name="cd" type="tns:cd" minOccurs="0"/>
      <xs:element name="day" type="xs:string" minOccurs="0"/>
      <xs:element name="eventtype" type="xs:string" minOccurs="0"/>
    </xs:sequence>
  </xs:complexType>
  <xs:complexType name="poitemPK">
    <xs:sequence>
      <xs:element name="cdid" type="xs:string" minOccurs="0"/>
      <xs:element name="id" type="xs:int"/>
    </xs:sequence>
  </xs:complexType>
  <xs:complexType name="products">
    <xs:sequence>
      <xs:element name="products" type="tns:cd" nillable="true" minOccurs="0" maxOccurs="unbounded"/>
    </xs:sequence>
  </xs:complexType>
  <xs:complexType name="creditCardDetails">
    <xs:sequence>
      <xs:element name="ccNumber" type="xs:string" minOccurs="0"/>
      <xs:element name="ccvCode" type="xs:string" minOccurs="0"/>
      <xs:element name="expMonth" type="xs:string" minOccurs="0"/>
      <xs:element name="expYear" type="xs:string" minOccurs="0"/>
      <xs:element name="nameOnCC" type="xs:string" minOccurs="0"/>
    </xs:sequence>
  </xs:complexType>
</xs:schema>]]></con:content><con:type>http://www.w3.org/2001/XMLSchema</con:type></con:part></con:definitionCache><con:endpoints><con:endpoint>http://localhost:8080/MusicStore/OrdersWebService</con:endpoint></con:endpoints><con:operation id="bbf9c926-32dc-4dcb-a864-db16a548ca85" isOneWay="false" action="" name="createAccount" bindingOperationName="createAccount" type="Request-Response" inputName="" receivesAttachments="false" sendsAttachments="false" anonymous="optional"><con:settings/><con:call id="b7eafaa7-ed52-4bb5-8df7-88ff43bffc18" name="Request 1"><con:settings/><con:encoding>UTF-8</con:encoding><con:endpoint>http://localhost:8080/MusicStore/OrdersWebService</con:endpoint><con:request><![CDATA[<soapenv:Envelope xmlns:soapenv="http://schemas.xmlsoap.org/soap/envelope/" xmlns:ws="http://ws.musicstore.com/">\r
   <soapenv:Header/>\r
   <soapenv:Body>\r
      <ws:createAccount>\r
         <account>\r
            <!--Optional:-->\r
            <address>\r
               <!--Zero or more repetitions:-->\r
               <accounts/>\r
               <!--Optional:-->\r
               <city>?</city>\r
               <!--Optional:-->\r
               <country>?</country>\r
               <id>?</id>\r
               <!--Optional:-->\r
               <phone>?</phone>\r
               <!--Zero or more repetitions:-->\r
               <pos>\r
                  <!--Optional:-->\r
                  <addressBean/>\r
                  <!--Optional:-->\r
                  <fname>?</fname>\r
                  <id>?</id>\r
                  <!--Optional:-->\r
                  <lname>?</lname>\r
                  <!--Zero or more repetitions:-->\r
                  <poitems>\r
                     <!--Optional:-->\r
                     <cd>\r
                        <availability>?</availability>\r
                        <!--Optional:-->\r
                        <category>?</category>\r
                        <!--Optional:-->\r
                        <cdid>?</cdid>\r
                        <!--Zero or more repetitions:-->\r
                        <poitems/>\r
                        <price>?</price>\r
                        <!--Optional:-->\r
                        <title>?</title>\r
                        <!--Zero or more repetitions:-->\r
                        <visitevents>\r
                           <!--Optional:-->\r
                           <cd/>\r
                           <!--Optional:-->\r
                           <day>?</day>\r
                           <!--Optional:-->\r
                           <eventtype>?</eventtype>\r
                        </visitevents>\r
                     </cd>\r
                     <!--Optional:-->\r
                     <id>\r
                        <!--Optional:-->\r
                        <cdid>?</cdid>\r
                        <id>?</id>\r
                     </id>\r
                     <!--Optional:-->\r
                     <po/>\r
                     <price>?</price>\r
                  </poitems>\r
                  <!--Optional:-->\r
                  <status>?</status>\r
               </pos>\r
               <!--Optional:-->\r
               <province>?</province>\r
               <!--Optional:-->\r
               <street>?</street>\r
               <!--Optional:-->\r
               <zip>?</zip>\r
            </address>\r
            <!--Optional:-->\r
            <email>?</email>\r
            <!--Optional:-->\r
            <firstname>?</firstname>\r
            <!--Optional:-->\r
            <lastname>?</lastname>\r
            <!--Optional:-->\r
            <pswrd>?</pswrd>\r
            <!--Optional:-->\r
            <username>?</username>\r
         </account>\r
      </ws:createAccount>\r
   </soapenv:Body>\r
</soapenv:Envelope>]]></con:request><con:credentials><con:authType>No Authorization</con:authType></con:credentials><con:jmsConfig JMSDeliveryMode="PERSISTENT"/><con:jmsPropertyConfig/><con:wsaConfig mustUnderstand="NONE" version="200508" action="http://ws.musicstore.com/OrderService/createAccountRequest"/><con:wsrmConfig version="1.2"/></con:call></con:operation><con:operation id="e70a47bb-019e-4bbe-becc-f8589c224a50" isOneWay="false" action="" name="getAccount" bindingOperationName="getAccount" type="Request-Response" inputName="" receivesAttachments="false" sendsAttachments="false" anonymous="optional"><con:settings/><con:call id="6caf1406-896a-4474-8d6b-d1c7e87c3d0f" name="Request 1"><con:settings/><con:encoding>UTF-8</con:encoding><con:endpoint>http://localhost:8080/MusicStore/OrdersWebService</con:endpoint><con:request><![CDATA[<soapenv:Envelope xmlns:soapenv="http://schemas.xmlsoap.org/soap/envelope/" xmlns:ws="http://ws.musicstore.com/">\r
   <soapenv:Header/>\r
   <soapenv:Body>\r
      <ws:getAccount>\r
         <username>?</username>\r
         <password>?</password>\r
      </ws:getAccount>\r
   </soapenv:Body>\r
</soapenv:Envelope>]]></con:request><con:wsaConfig mustUnderstand="NONE" version="200508" action="http://ws.musicstore.com/OrderService/getAccountRequest"/></con:call></con:operation><con:operation id="4483334d-6d59-4cec-bfb0-592d36dc7234" isOneWay="false" action="" name="getAccountByUserName" bindingOperationName="getAccountByUserName" type="Request-Response" inputName="" receivesAttachments="false" sendsAttachments="false" anonymous="optional"><con:settings/><con:call id="e40e9249-b909-4d8e-a9f7-6499496e6cf3" name="Request 1"><con:settings/><con:encoding>UTF-8</con:encoding><con:endpoint>http://localhost:8080/MusicStore/OrdersWebService</con:endpoint><con:request><![CDATA[<soapenv:Envelope xmlns:soapenv="http://schemas.xmlsoap.org/soap/envelope/" xmlns:ws="http://ws.musicstore.com/">\r
   <soapenv:Header/>\r
   <soapenv:Body>\r
      <ws:getAccountByUserName>\r
         <username>?</username>\r
      </ws:getAccountByUserName>\r
   </soapenv:Body>\r
</soapenv:Envelope>]]></con:request><con:wsaConfig mustUnderstand="NONE" version="200508" action="http://ws.musicstore.com/OrderService/getAccountByUserNameRequest"/></con:call></con:operation><con:operation id="a82f3c17-3164-4808-8c52-272980c5bd5f" isOneWay="false" action="" name="getCartItem" bindingOperationName="getCartItem" type="Request-Response" inputName="" receivesAttachments="false" sendsAttachments="false" anonymous="optional"><con:settings/><con:call id="4d91912d-a69a-4f6e-9a3c-0998404abf30" name="Request 1"><con:settings/><con:encoding>UTF-8</con:encoding><con:endpoint>http://localhost:8080/MusicStore/OrdersWebService</con:endpoint><con:request><![CDATA[<soapenv:Envelope xmlns:soapenv="http://schemas.xmlsoap.org/soap/envelope/" xmlns:ws="http://ws.musicstore.com/">\r
   <soapenv:Header/>\r
   <soapenv:Body>\r
      <ws:getCartItem>\r
         <item>?</item>\r
      </ws:getCartItem>\r
   </soapenv:Body>\r
</soapenv:Envelope>]]></con:request><con:credentials><con:authType>No Authorization</con:authType></con:credentials><con:jmsConfig JMSDeliveryMode="PERSISTENT"/><con:jmsPropertyConfig/><con:wsaConfig mustUnderstand="NONE" version="200508" action="http://ws.musicstore.com/OrderService/getCartItemRequest"/><con:wsrmConfig version="1.2"/></con:call></con:operation><con:operation id="9e428030-1d88-4303-8a57-f1acf38f739f" isOneWay="false" action="" name="getCartItems" bindingOperationName="getCartItems" type="Request-Response" inputName="" receivesAttachments="false" sendsAttachments="false" anonymous="optional"><con:settings/><con:call id="1e226410-2dbc-4cb7-ae2e-9f22a6a1074e" name="Request 1"><con:settings/><con:encoding>UTF-8</con:encoding><con:endpoint>http://localhost:8080/MusicStore/OrdersWebService</con:endpoint><con:request><![CDATA[<soapenv:Envelope xmlns:soapenv="http://schemas.xmlsoap.org/soap/envelope/" xmlns:ws="http://ws.musicstore.com/">\r
   <soapenv:Header/>\r
   <soapenv:Body>\r
      <ws:getCartItems>\r
         <items>?</items>\r
      </ws:getCartItems>\r
   </soapenv:Body>\r
</soapenv:Envelope>]]></con:request><con:wsaConfig mustUnderstand="NONE" version="200508" action="http://ws.musicstore.com/OrderService/getCartItemsRequest"/></con:call></con:operation><con:operation id="cfd11ca5-d26a-4162-9024-00ef540c6041" isOneWay="false" action="" name="orderConfirmation" bindingOperationName="orderConfirmation" type="Request-Response" inputName="" receivesAttachments="false" sendsAttachments="false" anonymous="optional"><con:settings/><con:call id="5b31792b-939e-4069-a930-8478f29bfcce" name="Request 1"><con:settings/><con:encoding>UTF-8</con:encoding><con:endpoint>http://localhost:8080/MusicStore/OrdersWebService</con:endpoint><con:request><![CDATA[<soapenv:Envelope xmlns:soapenv="http://schemas.xmlsoap.org/soap/envelope/" xmlns:ws="http://ws.musicstore.com/">\r
   <soapenv:Header/>\r
   <soapenv:Body>\r
      <ws:orderConfirmation>\r
         <order>\r
            <!--Optional:-->\r
            <addressBean>\r
               <!--Zero or more repetitions:-->\r
               <accounts>\r
                  <!--Optional:-->\r
                  <address/>\r
                  <!--Optional:-->\r
                  <email>?</email>\r
                  <!--Optional:-->\r
                  <firstname>?</firstname>\r
                  <!--Optional:-->\r
                  <lastname>?</lastname>\r
                  <!--Optional:-->\r
                  <pswrd>?</pswrd>\r
                  <!--Optional:-->\r
                  <username>?</username>\r
               </accounts>\r
               <!--Optional:-->\r
               <city>?</city>\r
               <!--Optional:-->\r
               <country>?</country>\r
               <id>?</id>\r
               <!--Optional:-->\r
               <phone>?</phone>\r
               <!--Zero or more repetitions:-->\r
               <pos/>\r
               <!--Optional:-->\r
               <province>?</province>\r
               <!--Optional:-->\r
               <street>?</street>\r
               <!--Optional:-->\r
               <zip>?</zip>\r
            </addressBean>\r
            <!--Optional:-->\r
            <fname>?</fname>\r
            <id>?</id>\r
            <!--Optional:-->\r
            <lname>?</lname>\r
            <!--Zero or more repetitions:-->\r
            <poitems>\r
               <!--Optional:-->\r
               <cd>\r
                  <availability>?</availability>\r
                  <!--Optional:-->\r
                  <category>?</category>\r
                  <!--Optional:-->\r
                  <cdid>?</cdid>\r
                  <!--Zero or more repetitions:-->\r
                  <poitems/>\r
                  <price>?</price>\r
                  <!--Optional:-->\r
                  <title>?</title>\r
                  <!--Zero or more repetitions:-->\r
                  <visitevents>\r
                     <!--Optional:-->\r
                     <cd/>\r
                     <!--Optional:-->\r
                     <day>?</day>\r
                     <!--Optional:-->\r
                     <eventtype>?</eventtype>\r
                  </visitevents>\r
               </cd>\r
               <!--Optional:-->\r
               <id>\r
                  <!--Optional:-->\r
                  <cdid>?</cdid>\r
                  <id>?</id>\r
               </id>\r
               <!--Optional:-->\r
               <po/>\r
               <price>?</price>\r
            </poitems>\r
            <!--Optional:-->\r
            <status>?</status>\r
         </order>\r
         <ccinfo>\r
            <!--Optional:-->\r
            <ccNumber>?</ccNumber>\r
            <!--Optional:-->\r
            <ccvCode>?</ccvCode>\r
            <!--Optional:-->\r
            <expMonth>?</expMonth>\r
            <!--Optional:-->\r
            <expYear>?</expYear>\r
            <!--Optional:-->\r
            <nameOnCC>?</nameOnCC>\r
         </ccinfo>\r
      </ws:orderConfirmation>\r
   </soapenv:Body>\r
</soapenv:Envelope>]]></con:request><con:credentials><con:authType>No Authorization</con:authType></con:credentials><con:jmsConfig JMSDeliveryMode="PERSISTENT"/><con:jmsPropertyConfig/><con:wsaConfig mustUnderstand="NONE" version="200508" action="http://ws.musicstore.com/OrderService/orderConfirmationRequest"/><con:wsrmConfig version="1.2"/></con:call></con:operation><con:operation id="9d912c6a-7fba-4e5f-a1b1-9e769eaa0add" isOneWay="false" action="" name="saveOrder" bindingOperationName="saveOrder" type="Request-Response" inputName="" receivesAttachments="false" sendsAttachments="false" anonymous="optional"><con:settings/><con:call id="5cad7151-902b-400e-b377-3fb68bfc53e5" name="Request 1"><con:settings/><con:encoding>UTF-8</con:encoding><con:endpoint>http://localhost:8080/MusicStore/OrdersWebService</con:endpoint><con:request><![CDATA[<soapenv:Envelope xmlns:soapenv="http://schemas.xmlsoap.org/soap/envelope/" xmlns:ws="http://ws.musicstore.com/">\r
   <soapenv:Header/>\r
   <soapenv:Body>\r
      <ws:saveOrder>\r
         <cart>\r
            <!--Optional:-->\r
            <addressBean>\r
               <!--Zero or more repetitions:-->\r
               <accounts>\r
                  <!--Optional:-->\r
                  <address/>\r
                  <!--Optional:-->\r
                  <email>?</email>\r
                  <!--Optional:-->\r
                  <firstname>?</firstname>\r
                  <!--Optional:-->\r
                  <lastname>?</lastname>\r
                  <!--Optional:-->\r
                  <pswrd>?</pswrd>\r
                  <!--Optional:-->\r
                  <username>?</username>\r
               </accounts>\r
               <!--Optional:-->\r
               <city>?</city>\r
               <!--Optional:-->\r
               <country>?</country>\r
               <id>?</id>\r
               <!--Optional:-->\r
               <phone>?</phone>\r
               <!--Zero or more repetitions:-->\r
               <pos/>\r
               <!--Optional:-->\r
               <province>?</province>\r
               <!--Optional:-->\r
               <street>?</street>\r
               <!--Optional:-->\r
               <zip>?</zip>\r
            </addressBean>\r
            <!--Optional:-->\r
            <fname>?</fname>\r
            <id>?</id>\r
            <!--Optional:-->\r
            <lname>?</lname>\r
            <!--Zero or more repetitions:-->\r
            <poitems>\r
               <!--Optional:-->\r
               <cd>\r
                  <availability>?</availability>\r
                  <!--Optional:-->\r
                  <category>?</category>\r
                  <!--Optional:-->\r
                  <cdid>?</cdid>\r
                  <!--Zero or more repetitions:-->\r
                  <poitems/>\r
                  <price>?</price>\r
                  <!--Optional:-->\r
                  <title>?</title>\r
                  <!--Zero or more repetitions:-->\r
                  <visitevents>\r
                     <!--Optional:-->\r
                     <cd/>\r
                     <!--Optional:-->\r
                     <day>?</day>\r
                     <!--Optional:-->\r
                     <eventtype>?</eventtype>\r
                  </visitevents>\r
               </cd>\r
               <!--Optional:-->\r
               <id>\r
                  <!--Optional:-->\r
                  <cdid>?</cdid>\r
                  <id>?</id>\r
               </id>\r
               <!--Optional:-->\r
               <po/>\r
               <price>?</price>\r
            </poitems>\r
            <!--Optional:-->\r
            <status>?</status>\r
         </cart>\r
      </ws:saveOrder>\r
   </soapenv:Body>\r
</soapenv:Envelope>]]></con:request><con:wsaConfig mustUnderstand="NONE" version="200508" action="http://ws.musicstore.com/OrderService/saveOrderRequest"/></con:call></con:operation></con:interface><con:testSuite id="5c2c8638-046b-49a6-9b02-501c83bc59ab" name="MusicStoreSOAPTestSuite"><con:settings/><con:runType>SEQUENTIAL</con:runType><con:testCase id="e1769a05-7d8c-4781-950e-4bb0eba68256" failOnError="true" failTestCaseOnErrors="true" keepSession="false" maxResults="0" name="GetCategoryListTestCase" searchProperties="true"><con:settings/><con:testStep type="request" id="83377a15-ddc0-43d1-bdcb-2046c8ed8243" name="getCategoryList - Request 1"><con:settings/><con:config xsi:type="con:RequestStep" xmlns:xsi="http://www.w3.org/2001/XMLSchema-instance"><con:interface>CDCatalogServiceImplPortBinding</con:interface><con:operation>getCategoryList</con:operation><con:request name="getCategoryList - Request 1" outgoingWss="" incomingWss="" timeout="" sslKeystore="" useWsAddressing="false" useWsReliableMessaging="false" wssPasswordType="" id="c578d60b-2a77-4ad1-aef2-e22a130ff291"><con:settings><con:setting id="com.eviware.soapui.impl.wsdl.WsdlRequest@request-headers">&lt;xml-fragment/></con:setting></con:settings><con:encoding>UTF-8</con:encoding><con:endpoint>http://localhost:8080/MusicStore/CDWebService</con:endpoint><con:request><![CDATA[<soapenv:Envelope xmlns:soapenv="http://schemas.xmlsoap.org/soap/envelope/" xmlns:ws="http://ws.musicstore.com/">\r
   <soapenv:Header/>\r
   <soapenv:Body>\r
      <ws:getCategoryList/>\r
   </soapenv:Body>\r
</soapenv:Envelope>]]></con:request><con:assertion type="SOAP Response" id="c7aa731d-8cd9-4b1c-aa96-e44afb1e2b94" name="SOAP Response"/><con:credentials><con:authType>No Authorization</con:authType></con:credentials><con:jmsConfig JMSDeliveryMode="PERSISTENT"/><con:jmsPropertyConfig/><con:wsaConfig mustUnderstand="NONE" version="200508" action="http://ws.musicstore.com/CDCatalogService/getCategoryListRequest"/><con:wsrmConfig version="1.2"/></con:request></con:config></con:testStep><con:loadTest id="66747f8e-75b8-4f7c-89e9-7306d2301d7b" name="LoadTest 1"><con:settings><con:setting id="HttpSettings@close-connections">false</con:setting></con:settings><con:threadCount>100</con:threadCount><con:startDelay>0</con:startDelay><con:sampleInterval>250</con:sampleInterval><con:calculateTPSOnTimePassed>true</con:calculateTPSOnTimePassed><con:resetStatisticsOnThreadCountChange>true</con:resetStatisticsOnThreadCountChange><con:historyLimit>-1</con:historyLimit><con:testLimit>60</con:testLimit><con:limitType>TIME</con:limitType><con:loadStrategy><con:type>Simple</con:type></con:loadStrategy><con:assertion type="Step Status" name="Step Status"/><con:maxAssertionErrors>100</con:maxAssertionErrors><con:cancelExcessiveThreads>true</con:cancelExcessiveThreads><con:strategyInterval>500</con:strategyInterval></con:loadTest><con:properties/></con:testCase><con:testCase id="038bd32e-0303-45a0-9afe-4b9e743deb0d" failOnError="true" failTestCaseOnErrors="true" keepSession="false" maxResults="0" name="GetProductInfoTestCase" searchProperties="true"><con:settings/><con:testStep type="request" id="22b400b6-4602-422b-8342-d933f210ff52" name="getProductInfo - Request 1"><con:settings/><con:config xsi:type="con:RequestStep" xmlns:xsi="http://www.w3.org/2001/XMLSchema-instance"><con:interface>CDCatalogServiceImplPortBinding</con:interface><con:operation>getProductInfo</con:operation><con:request name="getProductInfo - Request 1" outgoingWss="" incomingWss="" timeout="" sslKeystore="" useWsAddressing="false" useWsReliableMessaging="false" wssPasswordType="" id="e2375bc5-287e-4839-ae3e-85a92e18ad59"><con:settings><con:setting id="com.eviware.soapui.impl.wsdl.WsdlRequest@request-headers">&lt;xml-fragment/></con:setting></con:settings><con:encoding>UTF-8</con:encoding><con:endpoint>http://localhost:8080/MusicStore/CDWebService</con:endpoint><con:request><![CDATA[<soapenv:Envelope xmlns:soapenv="http://schemas.xmlsoap.org/soap/envelope/" xmlns:ws="http://ws.musicstore.com/">\r
   <soapenv:Header/>\r
   <soapenv:Body>\r
      <ws:getProductInfo>\r
         <cdid>cd001</cdid>\r
      </ws:getProductInfo>\r
   </soapenv:Body>\r
</soapenv:Envelope>]]></con:request><con:assertion type="SOAP Response" id="f7267395-3151-4a38-b6a8-6a9da52c61c8" name="SOAP Response"/><con:credentials><con:authType>No Authorization</con:authType></con:credentials><con:jmsConfig JMSDeliveryMode="PERSISTENT"/><con:jmsPropertyConfig/><con:wsaConfig mustUnderstand="NONE" version="200508" action="http://ws.musicstore.com/CDCatalogService/getProductInfoRequest"/><con:wsrmConfig version="1.2"/></con:request></con:config></con:testStep><con:properties/></con:testCase><con:testCase id="e8256d80-fc39-489f-b253-1b665548acde" failOnError="true" failTestCaseOnErrors="true" keepSession="false" maxResults="0" name="GetProductListTestCase" searchProperties="true"><con:settings/><con:testStep type="request" id="6fd3c3aa-7b36-4620-8456-c1aabc167bdd" name="getProductList - Request 1"><con:settings/><con:config xsi:type="con:RequestStep" xmlns:xsi="http://www.w3.org/2001/XMLSchema-instance"><con:interface>CDCatalogServiceImplPortBinding</con:interface><con:operation>getProductList</con:operation><con:request name="getProductList - Request 1" outgoingWss="" incomingWss="" timeout="" sslKeystore="" useWsAddressing="false" useWsReliableMessaging="false" wssPasswordType="" id="87dfaa49-0197-4686-9eb6-cec845051b0b"><con:settings><con:setting id="com.eviware.soapui.impl.wsdl.WsdlRequest@request-headers">&lt;xml-fragment/></con:setting></con:settings><con:encoding>UTF-8</con:encoding><con:endpoint>http://localhost:8080/MusicStore/CDWebService</con:endpoint><con:request><![CDATA[<soapenv:Envelope xmlns:soapenv="http://schemas.xmlsoap.org/soap/envelope/" xmlns:ws="http://ws.musicstore.com/">\r
   <soapenv:Header/>\r
   <soapenv:Body>\r
      <ws:getProductList>\r
         <category>POP</category>\r
      </ws:getProductList>\r
   </soapenv:Body>\r
</soapenv:Envelope>]]></con:request><con:assertion type="SOAP Response" id="29cabc0d-501c-4cba-8de9-f94cbbbd379b" name="SOAP Response"/><con:credentials><con:authType>No Authorization</con:authType></con:credentials><con:jmsConfig JMSDeliveryMode="PERSISTENT"/><con:jmsPropertyConfig/><con:wsaConfig mustUnderstand="NONE" version="200508" action="http://ws.musicstore.com/CDCatalogService/getProductListRequest"/><con:wsrmConfig version="1.2"/></con:request></con:config></con:testStep><con:properties/></con:testCase><con:testCase id="67749ca4-252b-42e7-a57e-a9a7f9551ffb" failOnError="true" failTestCaseOnErrors="true" keepSession="false" maxResults="0" name="GetAccountTestCase" searchProperties="true"><con:settings/><con:testStep type="request" id="74b262d2-ffbe-4df2-b584-3d721129f091" name="getAccount - Request 1"><con:settings/><con:config xsi:type="con:RequestStep" xmlns:xsi="http://www.w3.org/2001/XMLSchema-instance"><con:interface>OrderServiceImplPortBinding</con:interface><con:operation>getAccount</con:operation><con:request name="getAccount - Request 1" outgoingWss="" incomingWss="" timeout="" sslKeystore="" useWsAddressing="false" useWsReliableMessaging="false" wssPasswordType="" id="f1bb2682-bf1e-478f-ba01-89359bd2181d"><con:settings><con:setting id="com.eviware.soapui.impl.wsdl.WsdlRequest@request-headers">&lt;xml-fragment/></con:setting></con:settings><con:encoding>UTF-8</con:encoding><con:endpoint>http://localhost:8080/MusicStore/OrdersWebService</con:endpoint><con:request><![CDATA[<soapenv:Envelope xmlns:soapenv="http://schemas.xmlsoap.org/soap/envelope/" xmlns:ws="http://ws.musicstore.com/">\r
   <soapenv:Header/>\r
   <soapenv:Body>\r
      <ws:getAccount>\r
         <username>pi</username>\r
         <password>123</password>\r
      </ws:getAccount>\r
   </soapenv:Body>\r
</soapenv:Envelope>]]></con:request><con:assertion type="SOAP Response" id="ef7343fc-b23b-404b-aa26-39069e7ea206" name="SOAP Response"/><con:credentials><con:authType>No Authorization</con:authType></con:credentials><con:jmsConfig JMSDeliveryMode="PERSISTENT"/><con:jmsPropertyConfig/><con:wsaConfig mustUnderstand="NONE" version="200508" action="http://ws.musicstore.com/OrderService/getAccountRequest"/><con:wsrmConfig version="1.2"/></con:request></con:config></con:testStep><con:properties/></con:testCase><con:testCase id="c1f269cd-cb32-4113-9dbf-53ab0f922918" failOnError="true" failTestCaseOnErrors="true" keepSession="false" maxResults="0" name="GetAccountByUserNameTestCase" searchProperties="true"><con:settings/><con:testStep type="request" id="251c922b-3cac-45dc-a9a8-4725eec976b3" name="getAccountByUserName - Request 1"><con:settings/><con:config xsi:type="con:RequestStep" xmlns:xsi="http://www.w3.org/2001/XMLSchema-instance"><con:interface>OrderServiceImplPortBinding</con:interface><con:operation>getAccountByUserName</con:operation><con:request name="getAccountByUserName - Request 1" outgoingWss="" incomingWss="" timeout="" sslKeystore="" useWsAddressing="false" useWsReliableMessaging="false" wssPasswordType="" id="5d00b2b0-383b-4092-bfee-4f2925d52d84"><con:settings><con:setting id="com.eviware.soapui.impl.wsdl.WsdlRequest@request-headers">&lt;xml-fragment/></con:setting></con:settings><con:encoding>UTF-8</con:encoding><con:endpoint>http://localhost:8080/MusicStore/OrdersWebService</con:endpoint><con:request><![CDATA[<soapenv:Envelope xmlns:soapenv="http://schemas.xmlsoap.org/soap/envelope/" xmlns:ws="http://ws.musicstore.com/">\r
   <soapenv:Header/>\r
   <soapenv:Body>\r
      <ws:getAccountByUserName>\r
         <username>pi</username>\r
      </ws:getAccountByUserName>\r
   </soapenv:Body>\r
</soapenv:Envelope>]]></con:request><con:assertion type="SOAP Response" id="a3ec694d-3851-4915-a6fb-bc6bbedbe267" name="SOAP Response"/><con:credentials><con:authType>No Authorization</con:authType></con:credentials><con:jmsConfig JMSDeliveryMode="PERSISTENT"/><con:jmsPropertyConfig/><con:wsaConfig mustUnderstand="NONE" version="200508" action="http://ws.musicstore.com/OrderService/getAccountByUserNameRequest"/><con:wsrmConfig version="1.2"/></con:request></con:config></con:testStep><con:properties/></con:testCase><con:testCase id="9b793cf9-ab7e-442e-954e-17eee92e2ce7" failOnError="true" failTestCaseOnErrors="true" keepSession="false" maxResults="0" name="GetCartItemTestCase" searchProperties="true"><con:settings/><con:testStep type="request" id="8df99177-9fdb-48af-84c6-dbafc45616b0" name="getCartItem - Request 1"><con:settings/><con:config xsi:type="con:RequestStep" xmlns:xsi="http://www.w3.org/2001/XMLSchema-instance"><con:interface>OrderServiceImplPortBinding</con:interface><con:operation>getCartItem</con:operation><con:request name="getCartItem - Request 1" outgoingWss="" incomingWss="" timeout="" sslKeystore="" useWsAddressing="false" useWsReliableMessaging="false" wssPasswordType="" id="a7d23594-26aa-4a83-8a74-36033a777a44"><con:settings><con:setting id="com.eviware.soapui.impl.wsdl.WsdlRequest@request-headers">&lt;xml-fragment/></con:setting></con:settings><con:encoding>UTF-8</con:encoding><con:endpoint>http://localhost:8080/MusicStore/OrdersWebService</con:endpoint><con:request><![CDATA[<soapenv:Envelope xmlns:soapenv="http://schemas.xmlsoap.org/soap/envelope/" xmlns:ws="http://ws.musicstore.com/">\r
   <soapenv:Header/>\r
   <soapenv:Body>\r
      <ws:getCartItem>\r
         <item>cd009</item>\r
      </ws:getCartItem>\r
   </soapenv:Body>\r
</soapenv:Envelope>]]></con:request><con:assertion type="SOAP Response" id="d2d56a2b-6369-4224-b3bc-4d76b0a58032" name="SOAP Response"/><con:credentials><con:authType>No Authorization</con:authType></con:credentials><con:jmsConfig JMSDeliveryMode="PERSISTENT"/><con:jmsPropertyConfig/><con:wsaConfig mustUnderstand="NONE" version="200508" action="http://ws.musicstore.com/OrderService/getCartItemRequest"/><con:wsrmConfig version="1.2"/></con:request></con:config></con:testStep><con:properties/></con:testCase><con:testCase id="b19bc1a6-b4e2-43be-9c6a-20262a19ad18" failOnError="true" failTestCaseOnErrors="true" keepSession="false" maxResults="0" name="GetCartItemsTestCase" searchProperties="true"><con:settings/><con:testStep type="request" id="ace4e4fb-635e-4084-b8a2-fa54762cece7" name="getCartItems - Request 1"><con:settings/><con:config xsi:type="con:RequestStep" xmlns:xsi="http://www.w3.org/2001/XMLSchema-instance"><con:interface>OrderServiceImplPortBinding</con:interface><con:operation>getCartItems</con:operation><con:request name="getCartItems - Request 1" outgoingWss="" incomingWss="" timeout="" sslKeystore="" useWsAddressing="false" useWsReliableMessaging="false" wssPasswordType="" id="26d10a2b-28bd-44d6-bdd0-068a2eb7bdaf"><con:settings><con:setting id="com.eviware.soapui.impl.wsdl.WsdlRequest@request-headers">&lt;xml-fragment/></con:setting></con:settings><con:encoding>UTF-8</con:encoding><con:endpoint>http://localhost:8080/MusicStore/OrdersWebService</con:endpoint><con:request><![CDATA[<soapenv:Envelope xmlns:soapenv="http://schemas.xmlsoap.org/soap/envelope/" xmlns:ws="http://ws.musicstore.com/">\r
   <soapenv:Header/>\r
   <soapenv:Body>\r
      <ws:getCartItems>\r
         <items>cd009,cd019,cd020</items>\r
      </ws:getCartItems>\r
   </soapenv:Body>\r
</soapenv:Envelope>]]></con:request><con:assertion type="SOAP Response" id="97ebb384-2e4f-4f3c-8283-1c73381da25c" name="SOAP Response"/><con:credentials><con:authType>No Authorization</con:authType></con:credentials><con:jmsConfig JMSDeliveryMode="PERSISTENT"/><con:jmsPropertyConfig/><con:wsaConfig mustUnderstand="NONE" version="200508" action="http://ws.musicstore.com/OrderService/getCartItemsRequest"/><con:wsrmConfig version="1.2"/></con:request></con:config></con:testStep><con:properties/></con:testCase><con:testCase id="acc864d0-5e0c-45f6-9f11-2e5d23b787b3" failOnError="true" failTestCaseOnErrors="true" keepSession="false" maxResults="0" name="CreateAccountTestCase" searchProperties="true"><con:settings/><con:testStep type="request" id="8b521b9d-cd12-4991-a969-79631a0a8b24" name="createAccount - Request 1"><con:settings/><con:config xsi:type="con:RequestStep" xmlns:xsi="http://www.w3.org/2001/XMLSchema-instance"><con:interface>OrderServiceImplPortBinding</con:interface><con:operation>createAccount</con:operation><con:request name="createAccount - Request 1" outgoingWss="" incomingWss="" timeout="" sslKeystore="" useWsAddressing="false" useWsReliableMessaging="false" wssPasswordType="" id="6c1a1a06-c163-463b-b3dc-411ef0af72c3"><con:settings><con:setting id="com.eviware.soapui.impl.wsdl.WsdlRequest@request-headers">&lt;xml-fragment/></con:setting></con:settings><con:encoding>UTF-8</con:encoding><con:endpoint>http://localhost:8080/MusicStore/OrdersWebService</con:endpoint><con:request><![CDATA[<soapenv:Envelope xmlns:soapenv="http://schemas.xmlsoap.org/soap/envelope/" xmlns:ws="http://ws.musicstore.com/">\r
   <soapenv:Header/>\r
   <soapenv:Body>\r
      <ws:createAccount>\r
         <account>\r
            <!--Optional:-->\r
            <address>\r
               <!--Zero or more repetitions:-->\r
               <accounts/>\r
               <!--Optional:-->\r
               <city>ottawa</city>\r
               <!--Optional:-->\r
               <country>canada</country>\r
               <id>?</id>\r
               <!--Optional:-->\r
               <phone>123123</phone>\r
               <!--Zero or more repetitions:-->\r
               <pos>\r
                  <!--Optional:-->\r
                  <addressBean/>\r
                  <!--Optional:-->\r
                  <fname>tony</fname>\r
                  <id>?</id>\r
                  <!--Optional:-->\r
                  <lname>tony1</lname>\r
                  <!--Zero or more repetitions:-->\r
                  <poitems>\r
                     <!--Optional:-->\r
                     <cd>\r
                        <availability>?</availability>\r
                        <!--Optional:-->\r
                        <category>?</category>\r
                        <!--Optional:-->\r
                        <cdid>?</cdid>\r
                        <!--Zero or more repetitions:-->\r
                        <poitems/>\r
                        <price>?</price>\r
                        <!--Optional:-->\r
                        <title>?</title>\r
                        <!--Zero or more repetitions:-->\r
                        <visitevents>\r
                           <!--Optional:-->\r
                           <cd/>\r
                           <!--Optional:-->\r
                           <day>?</day>\r
                           <!--Optional:-->\r
                           <eventtype>?</eventtype>\r
                        </visitevents>\r
                     </cd>\r
                     <!--Optional:-->\r
                     <id>\r
                        <!--Optional:-->\r
                        <cdid>?</cdid>\r
                        <id>?</id>\r
                     </id>\r
                     <!--Optional:-->\r
                     <po/>\r
                     <price>?</price>\r
                  </poitems>\r
                  <!--Optional:-->\r
                  <status>?</status>\r
               </pos>\r
               <!--Optional:-->\r
               <province>ON</province>\r
               <!--Optional:-->\r
               <street>richmund</street>\r
               <!--Optional:-->\r
               <zip>y4y 4y4</zip>\r
            </address>\r
            <!--Optional:-->\r
            <email>tony@tony.com</email>\r
            <!--Optional:-->\r
            <firstname>rony</firstname>\r
            <!--Optional:-->\r
            <lastname>tony</lastname>\r
            <!--Optional:-->\r
            <pswrd>123</pswrd>\r
            <!--Optional:-->\r
            <username>tony</username>\r
         </account>\r
      </ws:createAccount>\r
   </soapenv:Body>\r
</soapenv:Envelope>]]></con:request><con:assertion type="SOAP Response" id="4d7d8162-4e1c-4c46-8293-ce185fac449a" name="SOAP Response"/><con:credentials><con:authType>No Authorization</con:authType></con:credentials><con:jmsConfig JMSDeliveryMode="PERSISTENT"/><con:jmsPropertyConfig/><con:wsaConfig mustUnderstand="NONE" version="200508" action="http://ws.musicstore.com/OrderService/createAccountRequest"/><con:wsrmConfig version="1.2"/></con:request></con:config></con:testStep><con:properties/></con:testCase><con:testCase id="918e7855-c747-4870-afa7-dcff76f52862" failOnError="true" failTestCaseOnErrors="true" keepSession="false" maxResults="0" name="OrderConfirmationTestCase" searchProperties="true"><con:settings/><con:testStep type="request" id="59ae9766-7fa1-4c53-bd25-b10161d3cdd5" name="orderConfirmation - Request 1"><con:settings/><con:config xsi:type="con:RequestStep" xmlns:xsi="http://www.w3.org/2001/XMLSchema-instance"><con:interface>OrderServiceImplPortBinding</con:interface><con:operation>orderConfirmation</con:operation><con:request name="orderConfirmation - Request 1" outgoingWss="" incomingWss="" timeout="" sslKeystore="" useWsAddressing="false" useWsReliableMessaging="false" wssPasswordType="" id="2c38bb1b-802e-4ef2-8ee0-209c2f824d0b"><con:settings><con:setting id="com.eviware.soapui.impl.wsdl.WsdlRequest@request-headers">&lt;xml-fragment/></con:setting></con:settings><con:encoding>UTF-8</con:encoding><con:endpoint>http://localhost:8080/MusicStore/OrdersWebService</con:endpoint><con:request><![CDATA[<soapenv:Envelope xmlns:soapenv="http://schemas.xmlsoap.org/soap/envelope/" xmlns:ws="http://ws.musicstore.com/">\r
   <soapenv:Header/>\r
   <soapenv:Body>\r
      <ws:orderConfirmation>\r
         <order>\r
            <!--Optional:-->\r
            <addressBean>\r
               <!--Zero or more repetitions:-->\r
               <accounts>\r
                  <!--Optional:-->\r
                  <address/>\r
                  <!--Optional:-->\r
                  <email>pi@gmail.com</email>\r
                  <!--Optional:-->\r
                  <firstname>pi</firstname>\r
                  <!--Optional:-->\r
                  <lastname>i</lastname>\r
                  <!--Optional:-->\r
                  <pswrd>123</pswrd>\r
                  <!--Optional:-->\r
                  <username>pi</username>\r
               </accounts>\r
               <!--Optional:-->\r
               <city>?</city>\r
               <!--Optional:-->\r
               <country>CA</country>\r
               <id>6</id>\r
               <!--Optional:-->\r
               <phone></phone>\r
               <!--Zero or more repetitions:-->\r
               <pos/>\r
               <!--Optional:-->\r
               <province></province>\r
               <!--Optional:-->\r
               <street></street>\r
               <!--Optional:-->\r
               <zip></zip>\r
            </addressBean>\r
            <!--Optional:-->\r
            <fname>p</fname>\r
            <id>?</id>\r
            <!--Optional:-->\r
            <lname>i</lname>\r
            <!--Zero or more repetitions:-->\r
            <poitems>\r
               <!--Optional:-->\r
               <cd>\r
                  <availability>?</availability>\r
                  <!--Optional:-->\r
                  <category>?</category>\r
                  <!--Optional:-->\r
                  <cdid>cd001</cdid>\r
                  <!--Zero or more repetitions:-->\r
                  <poitems/>\r
                  <price>1599</price>\r
                  <!--Optional:-->\r
                  <title>?</title>\r
                  <!--Zero or more repetitions:-->\r
                  <visitevents>\r
                     <!--Optional:-->\r
                     <cd/>\r
                     <!--Optional:-->\r
                     <day>?</day>\r
                     <!--Optional:-->\r
                     <eventtype>?</eventtype>\r
                  </visitevents>\r
               </cd>\r
               <!--Optional:-->\r
               <id>\r
                  <!--Optional:-->\r
                  <cdid>cd001</cdid>\r
                  <id>1</id>\r
               </id>\r
               <!--Optional:-->\r
               <po/>\r
               <price>1598</price>\r
            </poitems>\r
            <!--Optional:-->\r
            <status>?</status>\r
         </order>\r
         <ccinfo>\r
            <!--Optional:-->\r
            <ccNumber>123123123123</ccNumber>\r
            <!--Optional:-->\r
            <ccvCode>111</ccvCode>\r
            <!--Optional:-->\r
            <expMonth>0316</expMonth>\r
            <!--Optional:-->\r
            <expYear>2016</expYear>\r
            <!--Optional:-->\r
            <nameOnCC>somename</nameOnCC>\r
         </ccinfo>\r
      </ws:orderConfirmation>\r
   </soapenv:Body>\r
</soapenv:Envelope>]]></con:request><con:assertion type="SOAP Response" id="5ed6c1a3-3710-4084-8aee-7b2c41c9abf3" name="SOAP Response"/><con:credentials><con:authType>No Authorization</con:authType></con:credentials><con:jmsConfig JMSDeliveryMode="PERSISTENT"/><con:jmsPropertyConfig/><con:wsaConfig mustUnderstand="NONE" version="200508" action="http://ws.musicstore.com/OrderService/orderConfirmationRequest"/><con:wsrmConfig version="1.2"/></con:request></con:config></con:testStep><con:properties/></con:testCase><con:properties/></con:testSuite><con:properties/><con:wssContainer/><con:oAuth2ProfileContainer/><con:sensitiveInformation/></con:soapui-project>